timestamp,temperature,humidity,wind_speed,wind_direction,precipitation,atmospheric_pressure
2023-12-31T23:00:00Z,9.4,67.1,18.1,186,0,994.3
2024-01-01T00:00:00Z,4.2,67.8,9.9,320,0,1004.9
2024-01-01T01:00:00Z,3.8,56.8,11,84,0.4,1015.9
2024-01-01T02:00:00Z,5.3,50.1,6.2,329,0,1014
2024-01-01T03:00:00Z,3.8,77.1,10.9,202,0.7,1019.3
2024-01-01T04:00:00Z,6.1,46,18.7,59,0,1016.1
2024-01-01T05:00:00Z,7.9,63.9,12,13,0.4,1021.6
2024-01-01T06:00:00Z,10.7,51.3,10.3,178,0.7,1007.3
2024-01-01T07:00:00Z,8.1,74.6,14.7,190,0,1006
2024-01-01T08:00:00Z,6.3,59.1,8.5,298,0.3,1030
2024-01-01T09:00:00Z,6.9,62.5,8.2,30,0.5,1007.4
2024-01-01T10:00:00Z,6.7,64.5,7.3,128,0,1023.5
2024-01-01T11:00:00Z,7.5,70,2.5,202,0,1008.2
2024-01-01T12:00:00Z,7.3,82,10.2,23,0,1004.4
2024-01-01T13:00:00Z,10.2,56.1,11.3,358,1.1,1019.1
2024-01-01T14:00:00Z,6.4,66.5,14,194,0,1000.1
2024-01-01T15:00:00Z,8.9,81.2,20.6,311,0.3,1015.5
2024-01-01T16:00:00Z,5.2,65.3,6.3,58,0.3,1018.7
2024-01-01T17:00:00Z,12.3,64.9,19.1,333,0.3,1021.3
2024-01-01T18:00:00Z,6.6,44.3,15.2,45,0.2,1011.4
2024-01-01T19:00:00Z,7.1,64.3,7.3,248,0,1025.4
2024-01-01T20:00:00Z,9.5,79.1,13.4,80,0.5,1015
2024-01-01T21:00:00Z,3.2,66.8,12.5,217,0,1000.9
2024-01-01T22:00:00Z,9.8,54.6,9.9,260,0.1,1009.6
2024-01-01T23:00:00Z,3.5,68.9,14.1,8,1,1031.6
2024-01-02T00:00:00Z,10.7,62.6,13.9,222,0.6,1014.2
2024-01-02T01:00:00Z,2.6,66.3,15.3,231,0,1005.5
2024-01-02T02:00:00Z,8.1,74.7,23.4,257,0,1024.5
2024-01-02T03:00:00Z,6.2,55,0,333,0,1007.6
2024-01-02T04:00:00Z,5.4,52.5,8.5,185,0,1001.5
2024-01-02T05:00:00Z,7,72,13.5,24,0,1016.1
2024-01-02T06:00:00Z,7.1,74.1,8.4,99,0.4,1006.3
2024-01-02T07:00:00Z,7,52.7,18.7,102,0,1031.4
2024-01-02T08:00:00Z,8.1,68.9,18.8,22,0.4,1019.1
2024-01-02T09:00:00Z,8.9,75.8,8.2,212,1.2,1003.2
2024-01-02T10:00:00Z,6.1,79.1,11.1,337,0,1012.6
2024-01-02T11:00:00Z,7.1,93.3,13.2,290,0.7,1026.9
2024-01-02T12:00:00Z,7.2,67.1,13.8,164,1.4,1020.5
2024-01-02T13:00:00Z,6.8,60.5,6.3,143,0,1027.8
2024-01-02T14:00:00Z,9,78.4,9.5,11,0.9,1008
2024-01-02T15:00:00Z,5.9,62.6,20.2,89,0.4,997.9
2024-01-02T16:00:00Z,8.8,74.6,13.2,69,0.2,1005.7
2024-01-02T17:00:00Z,10,54,5.9,324,0.1,1016.3
2024-01-02T18:00:00Z,6.3,59.7,3,3,0.2,1009.4
2024-01-02T19:00:00Z,5,76.1,17.9,154,0,1002.7
2024-01-02T20:00:00Z,4.8,58.6,12.2,200,0.9,1019.7
2024-01-02T21:00:00Z,8.6,62.9,23.9,341,0.2,1018.3
2024-01-02T22:00:00Z,10.2,62.3,14.5,24,0.4,1006
2024-01-02T23:00:00Z,6.4,76.4,18.4,58,0,1012.8
2024-01-03T00:00:00Z,8.9,56.1,6.2,57,0.1,1030.8
2024-01-03T01:00:00Z,8.1,80.8,6.1,250,0,1018.3
2024-01-03T02:00:00Z,5.9,73.7,12.9,313,0.8,1017.8
2024-01-03T03:00:00Z,6.9,63.3,13.7,48,0.2,1017.2
2024-01-03T04:00:00Z,8.1,65.6,12.5,230,0,1016.8
2024-01-03T05:00:00Z,7.2,61.9,15,352,1.1,1003.5
2024-01-03T06:00:00Z,5.3,80.2,15.7,232,0.3,1002
2024-01-03T07:00:00Z,6.5,62.6,7.8,21,0.6,1013.9
2024-01-03T08:00:00Z,2.9,67.7,14.5,143,0.4,1011.4
2024-01-03T09:00:00Z,2.1,73.3,10.2,105,0.3,1031.7
2024-01-03T10:00:00Z,7.7,74.9,11.1,105,0.1,1017.7
2024-01-03T11:00:00Z,3.1,56,13.2,250,0.1,1018.1
2024-01-03T12:00:00Z,8.5,75.2,20.5,282,0.3,1010.2
2024-01-03T13:00:00Z,8.3,65.4,9,55,1.4,1019.9
2024-01-03T14:00:00Z,9.2,71.8,4.7,210,0,1033.5
2024-01-03T15:00:00Z,8.1,52.6,11.1,213,0,1005.2
2024-01-03T16:00:00Z,8.5,72.2,9.6,219,0.8,1009.7
2024-01-03T17:00:00Z,5.2,78.8,18.8,76,0.2,1014.2
2024-01-03T18:00:00Z,4.4,75.3,12.5,173,0.4,1012.8
2024-01-03T19:00:00Z,9.4,48.8,16.5,198,0.1,1022.5
2024-01-03T20:00:00Z,3.5,60.5,16.9,51,0.4,1015.4
2024-01-03T21:00:00Z,1.7,65.5,15.2,25,0,1018.6
2024-01-03T22:00:00Z,6.6,78.5,5.2,159,0.4,1004.7
2024-01-03T23:00:00Z,8.7,78.2,14.5,272,0.2,1011.1
2024-01-04T00:00:00Z,8,70.4,14.8,231,0.9,1014.3
2024-01-04T01:00:00Z,6.5,78.8,5.4,203,0.5,1026
2024-01-04T02:00:00Z,5.6,63.2,15.5,267,0.8,1037.7
2024-01-04T03:00:00Z,7.9,64.5,11.6,345,0,1001.1
2024-01-04T04:00:00Z,5.9,68.2,21.8,2,0,1013.1
2024-01-04T05:00:00Z,10.4,57.8,8.1,334,1.4,1009.7
2024-01-04T06:00:00Z,10.5,58.6,15.8,105,0.6,1010.2
2024-01-04T07:00:00Z,8.2,60.5,11.7,42,0,1019
2024-01-04T08:00:00Z,9.6,64,10.4,185,0.8,1017.4
2024-01-04T09:00:00Z,8.1,79.2,6.4,149,0,1014.2
2024-01-04T10:00:00Z,8.9,87.6,14.7,330,0,1014.2
2024-01-04T11:00:00Z,8.9,81.1,8.1,108,0.5,1003.8
2024-01-04T12:00:00Z,7.3,60.5,14.5,147,0.7,1015.1
2024-01-04T13:00:00Z,6.6,76.3,17.7,189,0,1010.9
2024-01-04T14:00:00Z,6.6,83.6,23.2,233,0,1011
2024-01-04T15:00:00Z,7,75.5,14.4,28,0.1,1009.9
2024-01-04T16:00:00Z,8.8,82.5,16.7,329,0.5,1006.3
2024-01-04T17:00:00Z,8.7,75.8,15.4,182,0,1015.6
2024-01-04T18:00:00Z,7.2,78.4,13.4,222,0.2,1007.2
2024-01-04T19:00:00Z,5.8,81.5,16.5,159,0.2,1018
2024-01-04T20:00:00Z,6.2,64.6,11.9,342,0,1011.5
2024-01-04T21:00:00Z,3.7,58.6,9.7,74,0,1003.2
2024-01-04T22:00:00Z,7.6,75.1,9.3,98,0,1008.3
2024-01-04T23:00:00Z,3,72.9,16.5,308,0.5,1018.3
2024-01-05T00:00:00Z,6.3,63.5,16.4,159,0.6,1017.7
2024-01-05T01:00:00Z,8.5,69.6,11,138,0.4,1019.6
2024-01-05T02:00:00Z,12.6,62.5,15.2,113,0.3,1017.2
2024-01-05T03:00:00Z,6.6,70.2,19.8,179,0,1010.3
2024-01-05T04:00:00Z,5.4,77.2,5.5,333,0,1003.7
2024-01-05T05:00:00Z,5.6,53.8,7.8,154,0,1010.9
2024-01-05T06:00:00Z,6.2,64.3,1.4,162,0,1019.6
2024-01-05T07:00:00Z,8.9,59.3,6.5,188,0.5,1015.1
2024-01-05T08:00:00Z,4.4,77.1,8.2,302,0.1,1015
2024-01-05T09:00:00Z,8.4,64,9.9,101,0,1000
2024-01-05T10:00:00Z,10.3,64.7,10.9,51,0,1013.2
2024-01-05T11:00:00Z,12.6,67.8,3,340,0.7,1000.1
2024-01-05T12:00:00Z,9.2,76.8,11.6,280,0.4,1002.3
2024-01-05T13:00:00Z,4.4,66.3,24.9,58,1.2,1021.8
2024-01-05T14:00:00Z,8.3,74,11.8,292,0,1017
2024-01-05T15:00:00Z,5.5,65.9,12.5,155,0.8,1008.6
2024-01-05T16:00:00Z,5.7,62.3,9.3,235,0,1019.7
2024-01-05T17:00:00Z,5.3,69.8,16,297,0,1028
2024-01-05T18:00:00Z,6.9,59.9,13.2,206,0,1000.5
2024-01-05T19:00:00Z,7.9,62.6,15,238,0,1015
2024-01-05T20:00:00Z,8.5,69.1,7.9,188,0,1020.9
2024-01-05T21:00:00Z,5.6,53.9,10.9,82,0.7,996.9
2024-01-05T22:00:00Z,6.1,80.8,18.2,174,0,1021.6
2024-01-05T23:00:00Z,8.6,64.3,12.5,240,0.3,1010.6
2024-01-06T00:00:00Z,5.2,80.5,13.4,135,0.3,1014
2024-01-06T01:00:00Z,11.5,64.9,9.3,147,0.3,1023.1
2024-01-06T02:00:00Z,5,63.5,11.2,10,0.1,1021.1
2024-01-06T03:00:00Z,5.8,55.3,12.6,100,0.5,1014.4
2024-01-06T04:00:00Z,2.7,47.9,15.9,357,0,1007.6
2024-01-06T05:00:00Z,8.3,61.2,13.8,8,0.3,1015
2024-01-06T06:00:00Z,7.8,56.1,12.2,354,0,1023.2
2024-01-06T07:00:00Z,7.3,52.5,13.4,218,0.1,1007.4
2024-01-06T08:00:00Z,6.5,75.6,12.9,68,0,1017.2
2024-01-06T09:00:00Z,4.9,54.8,13.4,89,0.4,1030.6
2024-01-06T10:00:00Z,6.1,48.9,22.6,202,1.1,1012.2
2024-01-06T11:00:00Z,8.8,66.4,8.4,332,0,997.5
2024-01-06T12:00:00Z,6.2,48,16.3,105,0,1000.8
2024-01-06T13:00:00Z,8.1,62.8,11.5,115,0.2,1024.8
2024-01-06T14:00:00Z,5.7,57.3,3.8,327,0,1016.2
2024-01-06T15:00:00Z,6.7,81.5,11.6,44,0.6,1035.6
2024-01-06T16:00:00Z,5.4,56.5,5.7,111,0.7,1007.8
2024-01-06T17:00:00Z,7.3,56.5,8.4,74,0,1012.8
2024-01-06T18:00:00Z,7.2,68.2,2.7,41,0,1004.6
2024-01-06T19:00:00Z,6.4,63.3,6.1,316,0.6,1020.8
2024-01-06T20:00:00Z,7.9,53.4,12.8,243,0.3,1030.6
2024-01-06T21:00:00Z,5.4,78.6,15.2,223,0.8,1020.9
2024-01-06T22:00:00Z,6.3,64.2,17.1,29,0.5,1013.5
2024-01-06T23:00:00Z,6.3,78.2,7.5,106,1,1013
2024-01-07T00:00:00Z,9.8,67.8,4.9,290,0,1009.4
2024-01-07T01:00:00Z,8.9,67,10.5,295,0,1009.7
2024-01-07T02:00:00Z,6.9,62.5,17.7,260,0.5,1016.7
2024-01-07T03:00:00Z,4.9,78.6,12.9,2,0,1033.3
2024-01-07T04:00:00Z,7.2,81.7,7.6,101,0.2,998.5
2024-01-07T05:00:00Z,7.5,53.8,10.4,304,0,1020.1
2024-01-07T06:00:00Z,6.8,77.5,6.6,210,0.6,1007.5
2024-01-07T07:00:00Z,7.7,56.4,16.3,171,0,1015.6
2024-01-07T08:00:00Z,8.6,55.9,0,287,0.2,1000.3
2024-01-07T09:00:00Z,12.4,69.7,12,135,0,1024.4
2024-01-07T10:00:00Z,6.1,65.1,11,289,0,1029.5
2024-01-07T11:00:00Z,9.4,76.8,6.8,316,0,1013.5
2024-01-07T12:00:00Z,5.6,68.3,13.8,107,0.7,1018.4
2024-01-07T13:00:00Z,11.5,69.6,4.3,168,0.9,1000.8
2024-01-07T14:00:00Z,5.9,68.7,6.4,360,0.6,1011.7
2024-01-07T15:00:00Z,8,76.4,17.8,278,0.2,1009.8
2024-01-07T16:00:00Z,10.6,76,11.6,297,0,1022.1
2024-01-07T17:00:00Z,7.7,64.9,14.4,205,0,988.5
2024-01-07T18:00:00Z,7.7,74.9,11.9,52,0.2,1016.7
2024-01-07T19:00:00Z,8,77.7,16,321,0,1018.1
2024-01-07T20:00:00Z,4.3,48.4,0,141,0,1005.3
2024-01-07T21:00:00Z,8,60.1,4.3,347,0.3,1014
2024-01-07T22:00:00Z,5.4,61.4,13.6,149,0.3,1008.5
2024-01-07T23:00:00Z,9.8,68.7,22.9,325,0.6,1026.8
2024-01-08T00:00:00Z,8.4,51.4,17,320,0,1001.7
2024-01-08T01:00:00Z,14.7,62.7,14.7,60,0.9,1032
2024-01-08T02:00:00Z,5.1,72,22.3,137,0,1029.8
2024-01-08T03:00:00Z,8.4,67.5,17.5,176,0.4,995.7
2024-01-08T04:00:00Z,6.4,71,5.6,169,0.9,1030.8
2024-01-08T05:00:00Z,6.8,82.9,12.5,107,0,1027
2024-01-08T06:00:00Z,8,67.3,13.6,294,0.3,1010.7
2024-01-08T07:00:00Z,8,69.4,9.4,266,0,992.7
2024-01-08T08:00:00Z,6.2,61.2,18.1,140,0,1010
2024-01-08T09:00:00Z,7,72.5,14.8,203,0.4,1019.2
2024-01-08T10:00:00Z,8.5,61.9,15.8,264,0,1019.5
2024-01-08T11:00:00Z,5.8,64.5,10.8,40,0.3,1005.7
2024-01-08T12:00:00Z,6.2,59.4,9.8,88,0,1024
2024-01-08T13:00:00Z,6.9,70.1,9,147,0.1,1026.3
2024-01-08T14:00:00Z,7.4,66,2.1,134,0.3,1019.6
2024-01-08T15:00:00Z,8.7,68.8,8.4,129,0.2,1009.8
2024-01-08T16:00:00Z,6.7,78.3,7.8,306,0,1005.2
2024-01-08T17:00:00Z,6.6,76.4,5,4,0,1019.5
2024-01-08T18:00:00Z,4.7,63.1,13.5,126,0,1023.2
2024-01-08T19:00:00Z,6.6,75.3,12.7,65,1,1023
2024-01-08T20:00:00Z,5.9,55.8,18,21,1.1,1021.3
2024-01-08T21:00:00Z,7.9,83.7,10.3,261,0,1026.1
2024-01-08T22:00:00Z,5.2,70,14.9,346,0,1008.9
2024-01-08T23:00:00Z,6.7,51.4,12.9,21,0.3,1000.2
2024-01-09T00:00:00Z,7.6,65.7,11.1,332,0.3,1012.6
2024-01-09T01:00:00Z,6.5,90.2,11.8,50,0.6,1009.5
2024-01-09T02:00:00Z,9.5,83.8,15.2,104,0.5,1017
2024-01-09T03:00:00Z,9.2,73.6,11.1,349,0.2,1019
2024-01-09T04:00:00Z,8.1,61.7,11.6,266,0,1014.2
2024-01-09T05:00:00Z,6,76.7,6.4,43,0,997
2024-01-09T06:00:00Z,6.3,51.7,17.2,318,0,1015.6
2024-01-09T07:00:00Z,9.3,59.6,7,234,0.6,1014.5
2024-01-09T08:00:00Z,7.3,73,7.2,86,1.1,1018.4
2024-01-09T09:00:00Z,6.8,86,8.5,243,0.4,995.9
2024-01-09T10:00:00Z,9.8,77.7,5.2,204,0.9,1022.4
2024-01-09T11:00:00Z,7.4,49.7,8.8,309,0,1010.6
2024-01-09T12:00:00Z,7.7,76,10.8,56,0.5,1006.4
2024-01-09T13:00:00Z,8.6,75.5,10.1,115,0,1023.4
2024-01-09T14:00:00Z,7.1,71,9.4,157,0,1025.6
2024-01-09T15:00:00Z,9,61,18.5,316,0.5,1002.5
2024-01-09T16:00:00Z,10.4,76.1,19.2,253,0.5,1014.5
2024-01-09T17:00:00Z,8.5,39.8,5.3,291,0.1,1010.1
2024-01-09T18:00:00Z,7.7,68.7,9.3,15,0.7,1012.9
2024-01-09T19:00:00Z,8.5,80.8,18.7,227,0,1025.5
2024-01-09T20:00:00Z,4.3,76.6,11.8,90,1.4,1020.2
2024-01-09T21:00:00Z,7.5,45.3,12.9,258,0,1005.5
2024-01-09T22:00:00Z,6.8,57.2,12.2,173,0,1012
2024-01-09T23:00:00Z,7.8,70.2,19.8,215,0.4,1040.6
2024-01-10T00:00:00Z,9.4,60.5,14.6,288,0,1016.6
2024-01-10T01:00:00Z,9.7,67.2,9.3,273,0,1014.5
2024-01-10T02:00:00Z,9.6,53.6,9.6,304,0.8,1019.8
2024-01-10T03:00:00Z,6.9,77,17.8,302,0.9,1014.8
2024-01-10T04:00:00Z,8.6,62.7,18.6,300,0.7,1003.3
2024-01-10T05:00:00Z,9,68.7,5.3,198,0.4,1011.7
2024-01-10T06:00:00Z,10.8,74.8,6.2,288,0,1018.5
2024-01-10T07:00:00Z,6.9,65.2,11.5,28,0,989.7
2024-01-10T08:00:00Z,8.7,80.9,9.7,252,0.9,1033
2024-01-10T09:00:00Z,5.9,74,13.1,2,0,1012.9
2024-01-10T10:00:00Z,7.5,60.8,9.9,11,0,1021.7
2024-01-10T11:00:00Z,6.7,66.1,9,328,1,1033.5
2024-01-10T12:00:00Z,5.3,63.7,11,305,0.5,1000.5
2024-01-10T13:00:00Z,12.2,63.2,15.3,274,0.4,1025.2
2024-01-10T14:00:00Z,9.6,73.5,13.4,52,0.8,1016.9
2024-01-10T15:00:00Z,10.1,51,9.5,113,0,990.6
2024-01-10T16:00:00Z,9.8,67.3,9,124,0.3,1021.5
2024-01-10T17:00:00Z,9.4,68.6,8.4,351,0.9,1015.5
2024-01-10T18:00:00Z,7.4,60.7,6.4,171,0,1007.7
2024-01-10T19:00:00Z,5.2,60.5,11.5,174,0.3,1028.9
2024-01-10T20:00:00Z,10,85.4,9.5,329,1.4,1015.2
2024-01-10T21:00:00Z,6.2,61.3,13.1,155,0.6,1011.5
2024-01-10T22:00:00Z,6.6,59,16.3,98,0.6,1002.8
2024-01-10T23:00:00Z,6.5,75.2,18.8,10,0.5,1027.2
2024-01-11T00:00:00Z,9.9,81.7,13.3,116,0,997.9
2024-01-11T01:00:00Z,8.8,51.8,6,357,1.4,1011.4
2024-01-11T02:00:00Z,9.1,74,6.1,139,0.5,1009
2024-01-11T03:00:00Z,10.2,61.5,11.1,268,0.8,1027
2024-01-11T04:00:00Z,6.1,63.1,11.5,203,0,1027.4
2024-01-11T05:00:00Z,5.9,65.7,14.3,83,0.2,1002.3
2024-01-11T06:00:00Z,3.6,63.5,14,76,0,1006.7
2024-01-11T07:00:00Z,10.5,76.7,15.6,214,0,1021.4
2024-01-11T08:00:00Z,5.9,80.2,15.2,169,0,996.3
2024-01-11T09:00:00Z,8.9,72.1,11,335,0.2,1012.2
2024-01-11T10:00:00Z,4.8,67.6,7.5,278,0,1027.7
2024-01-11T11:00:00Z,7.3,68.5,10.2,97,0,1009.3
2024-01-11T12:00:00Z,6.8,53.9,17,274,0,990.4
2024-01-11T13:00:00Z,6.1,75.5,15.5,307,0.3,1021
2024-01-11T14:00:00Z,2.6,56.6,10.7,74,0,1021.6
2024-01-11T15:00:00Z,8.6,66.1,13.4,252,1,1022
2024-01-11T16:00:00Z,6.2,77.5,12.4,38,0.2,1014.6
2024-01-11T17:00:00Z,7.4,81.5,6.7,191,0,1020
2024-01-11T18:00:00Z,3.7,55.9,13.2,141,0,1027.8
2024-01-11T19:00:00Z,8.7,53.7,17,325,0.5,1015.1
2024-01-11T20:00:00Z,9.5,61.6,9.7,186,0,1022.4
2024-01-11T21:00:00Z,11.4,83.3,11.7,82,0.6,1013.3
2024-01-11T22:00:00Z,5.6,73.3,12.6,358,1.2,1032.1
2024-01-11T23:00:00Z,6.7,66.4,5,134,0.2,993.5
2024-01-12T00:00:00Z,8.8,60.2,12.7,161,0.4,1010.1
2024-01-12T01:00:00Z,5.6,79,9.9,120,0,1024.5
2024-01-12T02:00:00Z,9.7,71.6,11,16,0,1005.5
2024-01-12T03:00:00Z,8.3,48.3,7.2,146,0,1023.1
2024-01-12T04:00:00Z,10.7,95,16.4,127,0.8,1008.4
2024-01-12T05:00:00Z,8.4,66.2,9.3,295,0,1003.6
2024-01-12T06:00:00Z,8.2,65.9,16.1,324,0,1023.2
2024-01-12T07:00:00Z,4.8,70.4,14.6,57,0.1,1001.1
2024-01-12T08:00:00Z,8.7,65,2.1,98,0.4,1019.6
2024-01-12T09:00:00Z,7.4,73,14.4,7,0,1003.7
2024-01-12T10:00:00Z,10.4,50.1,7.1,340,0.6,1024.3
2024-01-12T11:00:00Z,6.8,69.5,0,170,0,1013.9
2024-01-12T12:00:00Z,10.7,65.7,9.1,63,0,992.9
2024-01-12T13:00:00Z,7.5,79.8,13.7,77,0.2,1007.5
2024-01-12T14:00:00Z,8.1,69.3,21.5,83,0,1027
2024-01-12T15:00:00Z,6.9,76.8,8.5,285,0.4,999.1
2024-01-12T16:00:00Z,5.9,81.5,13.2,72,0,1004.1
2024-01-12T17:00:00Z,9.4,53.5,13.3,158,0.7,1025
2024-01-12T18:00:00Z,5.4,71.8,17.7,84,0,1015.7
2024-01-12T19:00:00Z,7.4,65,15.9,56,0,1007.6
2024-01-12T20:00:00Z,8,64.2,8.9,200,0,1004.4
2024-01-12T21:00:00Z,8,84.7,17.7,46,0,997
2024-01-12T22:00:00Z,8.3,57,16.9,110,0.6,1015.7
2024-01-12T23:00:00Z,10.6,57.6,16.2,227,0,1025.3
2024-01-13T00:00:00Z,9.4,75.3,24.7,246,0.8,997.1
2024-01-13T01:00:00Z,7.1,63.1,8.1,158,0.7,1009
2024-01-13T02:00:00Z,6.9,74.1,3,303,0,987.6
2024-01-13T03:00:00Z,11.1,73.7,15.6,119,0,1015.5
2024-01-13T04:00:00Z,6.5,74.1,9.9,263,0.8,1016.5
2024-01-13T05:00:00Z,8.9,71,14.4,156,0,1017.8
2024-01-13T06:00:00Z,7.2,69.1,3.5,13,0.3,1021.8
2024-01-13T07:00:00Z,8.4,69.2,10.6,300,0,1004.3
2024-01-13T08:00:00Z,6.9,69.8,1.2,281,0.7,1017.1
2024-01-13T09:00:00Z,4.9,61.1,12.6,234,0,1011.3
2024-01-13T10:00:00Z,3.8,55.5,10.9,98,0.4,1036.3
2024-01-13T11:00:00Z,9.3,67.2,14.9,102,0.1,1034.8
2024-01-13T12:00:00Z,12.6,67.8,13.4,18,0.6,1013
2024-01-13T13:00:00Z,6.5,87.6,15.6,329,0,1021.3
2024-01-13T14:00:00Z,10.4,31.2,9.8,83,1.1,1015.8
2024-01-13T15:00:00Z,7.1,81.6,9.5,89,0.2,1006
2024-01-13T16:00:00Z,7.2,76.4,22.4,327,0.9,1006.6
2024-01-13T17:00:00Z,7.8,79.6,5.3,289,0.9,1013.1
2024-01-13T18:00:00Z,10.7,78.5,21.3,222,1,1029.8
2024-01-13T19:00:00Z,5.7,77.2,6.1,356,0,1019.2
2024-01-13T20:00:00Z,11.2,58.2,7.4,339,0,996.9
2024-01-13T21:00:00Z,9.1,70.1,12.3,115,0.2,1016.9
2024-01-13T22:00:00Z,10.2,51.8,12.9,10,0,1011.6
2024-01-13T23:00:00Z,5.1,61.1,18.2,68,0,1011.3
2024-01-14T00:00:00Z,7.3,78.5,9.5,356,0,1009.9
2024-01-14T01:00:00Z,6.6,69.4,12.9,56,0.2,1006.9
2024-01-14T02:00:00Z,7.5,80.5,2.1,136,0.5,1009.6
2024-01-14T03:00:00Z,9.4,75.4,3.9,244,0.3,999.2
2024-01-14T04:00:00Z,4.9,59,12.1,63,1.1,1019.7
2024-01-14T05:00:00Z,5.3,74.9,14.4,323,0.1,1025.6
2024-01-14T06:00:00Z,9.3,71.9,13.1,40,0.1,999.6
2024-01-14T07:00:00Z,10.1,79.9,11,89,0.2,1020.4
2024-01-14T08:00:00Z,7.4,66.3,19.4,53,0,1019.8
2024-01-14T09:00:00Z,6.9,69,10,5,0,1000.7
2024-01-14T10:00:00Z,9.7,58.2,24.3,353,1,1018.5
2024-01-14T11:00:00Z,7.2,64.5,12.6,206,0,1014.8
2024-01-14T12:00:00Z,7.8,95,9.8,105,1.4,1006.3
2024-01-14T13:00:00Z,7.6,64.9,15,166,0.5,1025.5
2024-01-14T14:00:00Z,8,81.9,12,74,0,1026.6
2024-01-14T15:00:00Z,6.7,62,6.7,339,0.1,998
2024-01-14T16:00:00Z,11.2,76.2,5.3,83,0,1011.4
2024-01-14T17:00:00Z,8.7,60.1,23.4,121,0,1035.5
2024-01-14T18:00:00Z,8.6,69.5,7.8,92,0,1010.3
2024-01-14T19:00:00Z,7.4,81.9,16.6,111,0.3,1016.8
2024-01-14T20:00:00Z,8.9,52.9,14.6,116,0,1020.3
2024-01-14T21:00:00Z,10,72.9,18.5,304,0.6,989.2
2024-01-14T22:00:00Z,6.6,70.7,6.5,172,0,1036.1
2024-01-14T23:00:00Z,6.7,65.5,12.6,168,2.2,1011.5
2024-01-15T00:00:00Z,7.4,56.3,19.6,44,6.7,1021.9
2024-01-15T01:00:00Z,7.9,70.5,14.6,176,2.1,991.9
2024-01-15T02:00:00Z,9.9,59.2,6.5,186,5.2,1030.1
2024-01-15T03:00:00Z,9.3,62.8,12.5,323,3.4,1026.6
2024-01-15T04:00:00Z,8.9,69.1,15.5,274,2.5,1022.4
2024-01-15T05:00:00Z,7.7,59.6,0,164,1.8,1007.4
2024-01-15T06:00:00Z,8.9,61.8,16.5,2,2.5,1020.2
2024-01-15T07:00:00Z,8.5,75.4,10,81,1.6,1008.1
2024-01-15T08:00:00Z,6.3,42.6,10.8,51,9.7,1011.7
2024-01-15T09:00:00Z,9.3,57.5,13.9,338,0,1008.8
2024-01-15T10:00:00Z,9.7,79.5,11.6,161,5.2,1002
2024-01-15T11:00:00Z,7.7,84.6,16.7,84,7.8,1029.3
2024-01-15T12:00:00Z,9.3,72.6,14.8,2,4.7,1031
2024-01-15T13:00:00Z,8.2,56.4,13.9,296,9.4,1007.8
2024-01-15T14:00:00Z,10.6,74.9,13.3,346,1.6,1014.2
2024-01-15T15:00:00Z,5.1,46.7,7.9,126,1.8,999.3
2024-01-15T16:00:00Z,4.5,75.1,15.4,140,1.9,1008.3
2024-01-15T17:00:00Z,8.6,78.7,15.2,326,4,1025.5
2024-01-15T18:00:00Z,6.9,61.9,15.5,238,9.3,1016.7
2024-01-15T19:00:00Z,4.6,76.3,17.2,209,5.3,1020.9
2024-01-15T20:00:00Z,6.5,56.3,6.4,160,14.4,1000.3
2024-01-15T21:00:00Z,9.1,48.4,11.3,238,3.1,1008.9
2024-01-15T22:00:00Z,10.3,94.1,10.5,126,4.1,1022.1
2024-01-15T23:00:00Z,10.1,64.5,15.7,127,9.4,1001.8
2024-01-16T00:00:00Z,7,77.1,14.5,138,7.2,1005.1
2024-01-16T01:00:00Z,7.6,60.9,11.9,19,5.7,1010.9
2024-01-16T02:00:00Z,8,75.9,19.2,234,6.4,991.8
2024-01-16T03:00:00Z,8.2,71,19.5,165,6.3,1011.6
2024-01-16T04:00:00Z,5.7,59.1,10.8,46,9.2,1013.1
2024-01-16T05:00:00Z,6.8,70.3,21.4,89,6,1009.4
2024-01-16T06:00:00Z,9.3,69.5,12.5,307,5.7,1014.4
2024-01-16T07:00:00Z,8.1,72.3,17.8,220,2.7,994.2
2024-01-16T08:00:00Z,7.6,80.1,7.9,248,8.1,1023
2024-01-16T09:00:00Z,6.6,81.3,11.6,327,5.2,1002.6
2024-01-16T10:00:00Z,7.9,61.6,12.3,65,3.5,1020.4
2024-01-16T11:00:00Z,8.5,71.8,11.6,104,3.4,1011.8
2024-01-16T12:00:00Z,10,90.6,9.5,48,0.6,1011.8
2024-01-16T13:00:00Z,9.3,69,1.2,199,5.5,1007.9
2024-01-16T14:00:00Z,11.7,68.9,15.9,15,6.3,1030.6
2024-01-16T15:00:00Z,7.6,83.2,16.8,30,4.7,1019.3
2024-01-16T16:00:00Z,11.3,68.6,14.3,319,5.5,1015.2
2024-01-16T17:00:00Z,7.1,74.5,14.9,290,4.6,1010.9
2024-01-16T18:00:00Z,8.6,85.9,15.5,130,5.1,1017.4
2024-01-16T19:00:00Z,9.3,72.2,6.6,181,3.5,1021.1
2024-01-16T20:00:00Z,8.5,67.3,10.2,66,5.8,1022.1
2024-01-16T21:00:00Z,5.2,63.2,5.4,86,5.5,995
2024-01-16T22:00:00Z,7.7,87.7,9.5,340,4.5,999
2024-01-16T23:00:00Z,8.5,50.8,18.3,1,8.6,1029.1
2024-01-17T00:00:00Z,7.9,84.9,18.1,166,5.5,1009.7
2024-01-17T01:00:00Z,8.8,77.7,11.9,92,5.3,1015.7
2024-01-17T02:00:00Z,9,73.4,16.8,348,10.8,1019.3
2024-01-17T03:00:00Z,7.3,92.9,12.4,242,4.1,1005.5
2024-01-17T04:00:00Z,7.4,79.8,6.2,41,0,1011.3
2024-01-17T05:00:00Z,8.2,62.3,8.9,291,8.1,1019.8
2024-01-17T06:00:00Z,7.5,69.8,6.8,236,1.8,1008.4
2024-01-17T07:00:00Z,8.4,62.7,8.2,324,3.5,1002.6
2024-01-17T08:00:00Z,5.6,76.2,8.6,212,4.6,1014.9
2024-01-17T09:00:00Z,10.8,72.1,3.4,10,4.2,1023.7
2024-01-17T10:00:00Z,5.9,78.8,17.1,286,4.7,1023.3
2024-01-17T11:00:00Z,8,60.9,11.8,51,0.1,1009.1
2024-01-17T12:00:00Z,9.5,75.2,6,220,0,1002.7
2024-01-17T13:00:00Z,4.8,68.1,14.4,6,5.5,1000.5
2024-01-17T14:00:00Z,8.8,64.1,17,3,5.9,1013.5
2024-01-17T15:00:00Z,9,67.4,17.2,92,2.3,1006.5
2024-01-17T16:00:00Z,6.6,67.1,12.8,120,5.1,1006.7
2024-01-17T17:00:00Z,6.4,72.3,24.5,328,6,1016.9
2024-01-17T18:00:00Z,11.8,67.8,15.4,111,3.5,1013
2024-01-17T19:00:00Z,4.3,73.7,6.2,242,3.9,1010.4
2024-01-17T20:00:00Z,13.3,56.7,17.9,287,2.8,1021.3
2024-01-17T21:00:00Z,7.7,70.1,17.8,189,6.7,1006.1
2024-01-17T22:00:00Z,5,76,14.3,301,5.9,1028.5
2024-01-17T23:00:00Z,6.3,63.8,10.7,82,0.8,1010.8
2024-01-18T00:00:00Z,7.4,63,11,100,0,1016.7
2024-01-18T01:00:00Z,9.9,81,14.8,139,0,1010
2024-01-18T02:00:00Z,9.1,69,17.4,138,0,999
2024-01-18T03:00:00Z,7.7,70.6,17.8,173,0,1005.7
2024-01-18T04:00:00Z,7.5,80.6,15,95,0,1005.4
2024-01-18T05:00:00Z,10.5,68.7,8.4,258,0,1024
2024-01-18T06:00:00Z,8.4,62,5.5,126,0.6,1009.9
2024-01-18T07:00:00Z,8,79.1,5.9,148,0.1,1022.5
2024-01-18T08:00:00Z,9.2,77,5.4,314,0,997.1
2024-01-18T09:00:00Z,10.2,65.2,9,233,0.5,1022.5
2024-01-18T10:00:00Z,8.3,66,10.2,6,0.2,1010.1
2024-01-18T11:00:00Z,7.1,77.3,1.2,73,0.1,1004
2024-01-18T12:00:00Z,6.2,83.4,7.1,334,0.4,1007
2024-01-18T13:00:00Z,7.8,72.4,0,39,0,1010
2024-01-18T14:00:00Z,8,63.9,14.4,99,0.1,994.1
2024-01-18T15:00:00Z,7.3,48.6,14,257,0.4,1018.6
2024-01-18T16:00:00Z,11.9,79.8,8.3,348,0.2,998.3
2024-01-18T17:00:00Z,6.4,65.1,20.4,244,0.5,1017.5
2024-01-18T18:00:00Z,6.8,64,16.3,81,0,1018.5
2024-01-18T19:00:00Z,11.7,69.2,15.8,201,0.4,1022.7
2024-01-18T20:00:00Z,12.8,72.9,2.8,4,0,998.7
2024-01-18T21:00:00Z,9.2,67.1,12.9,341,0,1010.1
2024-01-18T22:00:00Z,10.6,74.8,10,196,0.6,1012.9
2024-01-18T23:00:00Z,8.3,73,14.3,216,0,1011.5
2024-01-19T00:00:00Z,7.3,64.8,12.2,36,0.1,1022.4
2024-01-19T01:00:00Z,8.3,67.4,11.5,26,0,1023.3
2024-01-19T02:00:00Z,10,64,11.6,161,1.2,1024.5
2024-01-19T03:00:00Z,8.3,65.1,8,222,0,1004.9
2024-01-19T04:00:00Z,11.5,61.4,12.3,337,0.5,1009.8
2024-01-19T05:00:00Z,8.8,85.9,18.8,98,0,1019.2
2024-01-19T06:00:00Z,10.4,75.5,8.2,129,0,986.8
2024-01-19T07:00:00Z,9,73.3,1.1,224,0,1005.5
2024-01-19T08:00:00Z,11.9,76.6,11.9,48,0,1019
2024-01-19T09:00:00Z,8.1,48.9,12.1,226,0,1009.5
2024-01-19T10:00:00Z,5.8,69.5,8,64,0,1015.7
2024-01-19T11:00:00Z,7.6,66.8,13.4,179,0.3,1027.4
2024-01-19T12:00:00Z,10.9,78.7,12.3,167,0,994.7
2024-01-19T13:00:00Z,7,76.6,16.8,310,0,1022.5
2024-01-19T14:00:00Z,8.1,81.5,15.1,87,0,1017.9
2024-01-19T15:00:00Z,11.6,65.9,18.6,102,0.4,1020
2024-01-19T16:00:00Z,7.5,68.5,9.1,335,0,995.1
2024-01-19T17:00:00Z,6.7,76.8,18.8,203,0,985.8
2024-01-19T18:00:00Z,7.6,57.9,20.2,354,0,992.6
2024-01-19T19:00:00Z,9.4,62.8,15.2,12,0,999.1
2024-01-19T20:00:00Z,8.8,55.5,2.6,274,0.4,1015.4
2024-01-19T21:00:00Z,8.3,68.9,10,95,0,1023.1
2024-01-19T22:00:00Z,11.5,73.9,10.1,109,0,1006.7
2024-01-19T23:00:00Z,8.3,68,11.6,128,0.5,994.7
2024-01-20T00:00:00Z,9.8,69.8,8.4,284,0,1014.4
2024-01-20T01:00:00Z,12.2,66.7,12.6,312,0.2,1006.2
2024-01-20T02:00:00Z,8.1,51.1,12.8,37,0.9,1013.2
2024-01-20T03:00:00Z,7.6,73.3,17.7,273,0.2,1015.6
2024-01-20T04:00:00Z,5.7,71.8,8.7,101,0,1027.4
2024-01-20T05:00:00Z,10.1,85.7,17.2,26,0.5,1005.3
2024-01-20T06:00:00Z,8.6,65.5,16.6,43,0.2,1003.6
2024-01-20T07:00:00Z,9.8,82.5,12.3,164,1,998.1
2024-01-20T08:00:00Z,8.1,66,20.2,211,0,1002.8
2024-01-20T09:00:00Z,5.7,74.9,13.5,268,0,1023
2024-01-20T10:00:00Z,8,68.5,8.7,323,0.3,1007.9
2024-01-20T11:00:00Z,11.1,75.8,10.6,180,0,1014.9
2024-01-20T12:00:00Z,4.4,78.8,16.5,117,0,1001.1
2024-01-20T13:00:00Z,6.5,57.5,8.5,252,0,1017.7
2024-01-20T14:00:00Z,6.7,68.1,14,185,0,1008.5
2024-01-20T15:00:00Z,7.5,62.3,9.5,10,0.3,1021.2
2024-01-20T16:00:00Z,10.1,66.1,13.5,209,0,1001.8
2024-01-20T17:00:00Z,12.4,52.9,14.6,144,0.1,1009.1
2024-01-20T18:00:00Z,9.2,75.2,18,268,0,1007.6
2024-01-20T19:00:00Z,8,68.2,1.6,288,0,1001
2024-01-20T20:00:00Z,7,73.7,21.3,280,0,1016.7
2024-01-20T21:00:00Z,9.6,51.4,16,327,0,1014.7
2024-01-20T22:00:00Z,6.2,77.7,7.5,261,0,1014.3
2024-01-20T23:00:00Z,9,60.1,12,156,0,986.9
2024-01-21T00:00:00Z,9.5,54.8,15,147,0.3,1018.3
2024-01-21T01:00:00Z,6.5,73.6,11.3,4,0.1,1001.4
2024-01-21T02:00:00Z,9.5,54.4,6.6,70,0,1015.4
2024-01-21T03:00:00Z,9.4,44.8,11.9,301,0,1009.9
2024-01-21T04:00:00Z,6.9,71.6,13.9,244,0,1017.4
2024-01-21T05:00:00Z,8.9,80.3,20.5,205,0,1008.7
2024-01-21T06:00:00Z,12.6,80.5,7.9,176,0.8,1022.7
2024-01-21T07:00:00Z,9.6,66.9,14,337,0.8,1021.2
2024-01-21T08:00:00Z,11.3,90.9,10.4,35,0,998.4
2024-01-21T09:00:00Z,9.5,65.6,10.9,139,0.3,1001.8
2024-01-21T10:00:00Z,9,73.4,10.2,278,0.2,1018.7
2024-01-21T11:00:00Z,10.6,60.6,22.3,314,0,1009.2
2024-01-21T12:00:00Z,8.7,52,13.3,161,0.1,1010.5
2024-01-21T13:00:00Z,7.4,73,12.6,269,0.1,1027.1
2024-01-21T14:00:00Z,7.4,69.3,17.6,176,0.1,1011.6
2024-01-21T15:00:00Z,6,70.6,11.5,69,0.9,1020.5
2024-01-21T16:00:00Z,9.4,65.7,13.5,62,0,1013.2
2024-01-21T17:00:00Z,8.4,78.6,13.4,179,0.1,1025.3
2024-01-21T18:00:00Z,8.8,67.3,10.9,25,0.1,1004.1
2024-01-21T19:00:00Z,5.4,79.5,11.2,106,0,1004.5
2024-01-21T20:00:00Z,9.2,60.3,12.2,48,0,1008.5
2024-01-21T21:00:00Z,8.4,70.9,16,143,0.4,1007.9
2024-01-21T22:00:00Z,5.5,71.8,6.3,38,0.7,1002.8
2024-01-21T23:00:00Z,7.6,77.1,6.9,32,0.5,1031.9
2024-01-22T00:00:00Z,9.4,85.1,11.3,66,0,1008.7
2024-01-22T01:00:00Z,5.5,73.9,14.1,135,0,1004.2
2024-01-22T02:00:00Z,7.5,88.2,5.1,339,0.3,1010.1
2024-01-22T03:00:00Z,7.7,78.4,13.6,155,0.9,1022.9
2024-01-22T04:00:00Z,9.6,66,6.7,165,0.6,1012.1
2024-01-22T05:00:00Z,7.7,81.5,10.8,93,0,1027.2
2024-01-22T06:00:00Z,8.4,61.5,9.9,317,0,1009.1
2024-01-22T07:00:00Z,7.5,90.8,11.5,198,0,1010.9
2024-01-22T08:00:00Z,12.8,76.3,13.1,149,0.7,1006.1
2024-01-22T09:00:00Z,6.7,72.7,10.6,282,0,1016.3
2024-01-22T10:00:00Z,9.1,53,10.7,194,0.6,1011.6
2024-01-22T11:00:00Z,5.4,57.1,10.2,33,0.7,1025.2
2024-01-22T12:00:00Z,6.8,61.5,12.8,57,0.2,1029.2
2024-01-22T13:00:00Z,9.9,69,3.8,66,0.5,1006.5
2024-01-22T14:00:00Z,9.9,78,11.6,39,0,1008.9
2024-01-22T15:00:00Z,14,92,9.7,27,0.3,1011.6
2024-01-22T16:00:00Z,8.9,84.4,3.1,198,1.6,1019.5
2024-01-22T17:00:00Z,6.8,72.1,12.5,359,0.1,1021.6
2024-01-22T18:00:00Z,6.5,88.2,9.8,173,0,1033.2
2024-01-22T19:00:00Z,7.6,72.7,7.2,164,0.5,1028.4
2024-01-22T20:00:00Z,7.5,74.4,10.6,157,0.4,1006.6
2024-01-22T21:00:00Z,4,83.4,9.9,203,0.3,1024.5
2024-01-22T22:00:00Z,8.9,59.1,15.9,181,0.4,1012.9
2024-01-22T23:00:00Z,10.7,71.9,7.8,9,0,1007
2024-01-23T00:00:00Z,6,77.6,18.6,180,0,1022.7
2024-01-23T01:00:00Z,11.1,58,17.2,349,0,1020.7
2024-01-23T02:00:00Z,7.2,71.7,6,159,0.1,1010.4
2024-01-23T03:00:00Z,7.1,64.3,8,17,0.1,986.4
2024-01-23T04:00:00Z,8.8,62.4,6.7,220,1.1,1020.4
2024-01-23T05:00:00Z,9.7,60.4,17.2,94,0.1,1015.4
2024-01-23T06:00:00Z,7.4,62.5,15.1,208,0,991.8
2024-01-23T07:00:00Z,11.3,70.4,6.6,156,0,1002.5
2024-01-23T08:00:00Z,9.1,59.6,5,295,0,1028.1
2024-01-23T09:00:00Z,6.7,72.3,17,328,0,1007
2024-01-23T10:00:00Z,10.8,59.8,2.3,211,0.4,1009.4
2024-01-23T11:00:00Z,12.7,76,10.2,33,0,999
2024-01-23T12:00:00Z,5.5,64.5,2.1,228,0,1015.3
2024-01-23T13:00:00Z,11.2,61.9,3,150,0.5,1003.4
2024-01-23T14:00:00Z,8.6,65.5,19.1,152,0.4,1026.7
2024-01-23T15:00:00Z,8.4,79.3,4.4,229,0,1011.9
2024-01-23T16:00:00Z,10.8,53.4,11.6,232,0,1012.6
2024-01-23T17:00:00Z,10.1,84.5,19.8,326,0,1008.6
2024-01-23T18:00:00Z,10.4,58,5.6,116,0,1006.6
2024-01-23T19:00:00Z,7.8,57.1,8.9,106,0,1008.5
2024-01-23T20:00:00Z,6.8,63,16,351,0.7,1010.1
2024-01-23T21:00:00Z,11,77.8,13.8,150,0.2,1010.2
2024-01-23T22:00:00Z,8.1,76.6,5.5,200,0.7,1009.4
2024-01-23T23:00:00Z,9,48.1,14.7,127,0,1016.4
2024-01-24T00:00:00Z,7.6,60.5,5.5,230,0.2,1020.3
2024-01-24T01:00:00Z,8.4,67.4,15.8,225,0.5,1009.3
2024-01-24T02:00:00Z,9.2,84.5,9.4,292,0,998.1
2024-01-24T03:00:00Z,5.6,73.5,13.7,74,0,1001.2
2024-01-24T04:00:00Z,8.7,76.1,6.7,59,0.5,993.5
2024-01-24T05:00:00Z,9.7,63.1,10.5,269,0.2,1019.4
2024-01-24T06:00:00Z,7.2,65.6,20.2,110,0.2,1025.7
2024-01-24T07:00:00Z,8.3,68.9,17.7,193,0,1021.1
2024-01-24T08:00:00Z,8.4,80.8,20.8,75,0.3,1013.5
2024-01-24T09:00:00Z,6,86.9,29,138,0.2,1015.6
2024-01-24T10:00:00Z,8.2,85.8,14.1,353,0,1022.5
2024-01-24T11:00:00Z,13.3,77.4,13.3,205,0.8,999.1
2024-01-24T12:00:00Z,8.8,66,11.8,212,0,1021.1
2024-01-24T13:00:00Z,9.8,79.6,19.2,273,0.2,1018.1
2024-01-24T14:00:00Z,11.6,63.1,11.9,27,0,994.8
2024-01-24T15:00:00Z,13.4,85.7,15,166,0.7,1024.2
2024-01-24T16:00:00Z,10.7,72.6,9.7,71,0,1021.4
2024-01-24T17:00:00Z,8.1,52.1,6.9,342,0,999.8
2024-01-24T18:00:00Z,10.6,73.2,12.7,15,0,1023.6
2024-01-24T19:00:00Z,9.6,59.6,14.8,15,0.3,1007.6
2024-01-24T20:00:00Z,9.5,57.2,13.7,100,0.3,1012
2024-01-24T21:00:00Z,9.7,74.2,13,211,0.2,1000
2024-01-24T22:00:00Z,8.8,72.3,17,10,0.4,1023.6
2024-01-24T23:00:00Z,8.3,66,10.4,76,0.5,1013
2024-01-25T00:00:00Z,8.1,48.4,10,134,0.7,1011.7
2024-01-25T01:00:00Z,11.1,65.7,7.9,34,0.5,1013.1
2024-01-25T02:00:00Z,5.4,82.9,5.4,337,0.1,1026.4
2024-01-25T03:00:00Z,11.1,64.5,15.5,183,0,1020.3
2024-01-25T04:00:00Z,8,63.6,0.3,229,0,1012.9
2024-01-25T05:00:00Z,12,69.2,10.1,124,0.4,994.8
2024-01-25T06:00:00Z,7,78.9,9,327,0.6,1019.7
2024-01-25T07:00:00Z,7.5,64.7,6.8,85,0.8,1033.2
2024-01-25T08:00:00Z,8.8,65.6,5.9,283,1.1,1011.4
2024-01-25T09:00:00Z,6.3,80.4,15.7,333,0,1006.1
2024-01-25T10:00:00Z,9.1,62.7,9.7,303,0.4,1004.8
2024-01-25T11:00:00Z,5.6,58,7.5,91,0,1015.5
2024-01-25T12:00:00Z,10.3,68.2,8.9,227,0.4,1009.5
2024-01-25T13:00:00Z,10.8,62.9,12.3,332,0.3,1025.5
2024-01-25T14:00:00Z,4.9,78.5,11.6,88,0.4,1020.1
2024-01-25T15:00:00Z,10.8,68.4,6.9,271,0.1,1002.3
2024-01-25T16:00:00Z,8.8,64.1,6,197,0.3,1011.2
2024-01-25T17:00:00Z,9.8,69,14.2,56,0,1009.1
2024-01-25T18:00:00Z,6.6,90.3,20.2,62,0.5,1013
2024-01-25T19:00:00Z,6,77.9,8.3,112,0.1,1020.3
2024-01-25T20:00:00Z,7.3,80.4,4.7,341,0.3,1013.2
2024-01-25T21:00:00Z,9.4,59.6,15.8,49,0,1007.9
2024-01-25T22:00:00Z,7.3,62.1,15.1,142,0,1010.4
2024-01-25T23:00:00Z,9.5,80.2,3.9,276,0.6,1012.3
2024-01-26T00:00:00Z,8.2,75.6,7.4,213,1.3,1031.5
2024-01-26T01:00:00Z,9.9,73,12.2,70,0.7,1013.8
2024-01-26T02:00:00Z,12.5,70.3,9.4,50,0.4,1022.7
2024-01-26T03:00:00Z,8.9,67.3,11.5,108,0,1017.9
2024-01-26T04:00:00Z,9.6,64.5,5.9,284,0,993.8
2024-01-26T05:00:00Z,5.2,79.2,10.6,236,0.2,1026.2
2024-01-26T06:00:00Z,11.4,52.7,13.6,295,0,1007.2
2024-01-26T07:00:00Z,7.9,80.8,8.1,296,0.7,1011.4
2024-01-26T08:00:00Z,9.9,40.9,4.4,74,0.3,1013
2024-01-26T09:00:00Z,12.6,73.2,18.2,244,0,1047.6
2024-01-26T10:00:00Z,6.1,72.5,7,68,0,1021.2
2024-01-26T11:00:00Z,8.2,87.5,16.6,176,0.4,1031.3
2024-01-26T12:00:00Z,8.6,59.9,20.7,202,0.5,1012.9
2024-01-26T13:00:00Z,9.2,87,15.8,31,0,1010
2024-01-26T14:00:00Z,6.7,68.3,13.8,86,0,1014.3
2024-01-26T15:00:00Z,7.6,64.7,10,182,0,992.9
2024-01-26T16:00:00Z,10.3,61,6.5,28,0,1028.7
2024-01-26T17:00:00Z,9.5,77.3,9.7,190,0.4,1000.3
2024-01-26T18:00:00Z,10.8,84.8,10.9,73,0,1005.4
2024-01-26T19:00:00Z,5,64.3,13.2,131,0.4,1006
2024-01-26T20:00:00Z,11.4,60.1,16.9,88,0,1024.5
2024-01-26T21:00:00Z,7.7,65.1,7.1,171,0,1015.9
2024-01-26T22:00:00Z,10.8,79.3,5.7,6,0,1037.7
2024-01-26T23:00:00Z,9.8,71.1,15.2,320,0.3,998.2
2024-01-27T00:00:00Z,8,68.6,17.3,277,0,1019.9
2024-01-27T01:00:00Z,10.7,84.2,7.4,30,0.3,1015.5
2024-01-27T02:00:00Z,11.8,66.1,18.3,281,0,1025.3
2024-01-27T03:00:00Z,11.9,61.3,5.7,86,0,1003.2
2024-01-27T04:00:00Z,9.2,87.6,14.3,120,0.4,1009.8
2024-01-27T05:00:00Z,11.3,74.3,19.1,175,0,1005.2
2024-01-27T06:00:00Z,11.6,76,15.2,116,0.2,1016.6
2024-01-27T07:00:00Z,7.8,71.6,3.2,99,0.2,1028.8
2024-01-27T08:00:00Z,10.5,71.1,20.3,18,0.3,1007.6
2024-01-27T09:00:00Z,10.6,62.3,24,246,0.3,1006.4
2024-01-27T10:00:00Z,13.3,57.9,20.1,319,0.3,1025.2
2024-01-27T11:00:00Z,7.3,62.2,18.3,50,0,1010.3
2024-01-27T12:00:00Z,10.5,56.6,20.2,347,0.3,1022.9
2024-01-27T13:00:00Z,7.6,78.5,10.1,224,0.7,1022.6
2024-01-27T14:00:00Z,10.7,82.6,13.5,345,0,1014.2
2024-01-27T15:00:00Z,10.7,77,12.1,5,0.2,1005.7
2024-01-27T16:00:00Z,8.5,73.4,16.8,125,0.2,1017.3
2024-01-27T17:00:00Z,6.3,84.4,9.9,61,0,1012.5
2024-01-27T18:00:00Z,6.3,69.1,6.1,317,0.4,1013.8
2024-01-27T19:00:00Z,8.4,46.3,6.7,106,0.9,1021.4
2024-01-27T20:00:00Z,9.2,76.6,13,346,0.7,1013.1
2024-01-27T21:00:00Z,9.7,92.2,10.7,94,0.5,1000.3
2024-01-27T22:00:00Z,10,79,13.9,147,0,1007
2024-01-27T23:00:00Z,10.4,70.1,8.8,29,0,1011
2024-01-28T00:00:00Z,13.9,66,20.3,195,0.6,1028.2
2024-01-28T01:00:00Z,6.6,67.4,12.1,89,0.6,1015.6
2024-01-28T02:00:00Z,7.9,65.2,11.6,103,0,1018.5
2024-01-28T03:00:00Z,7.8,65.7,12.7,64,0,1009.9
2024-01-28T04:00:00Z,9.7,77.5,19.6,214,0,1017.9
2024-01-28T05:00:00Z,10.2,82.9,0.4,47,0,1024.1
2024-01-28T06:00:00Z,9.5,70.6,14,211,1.1,1026.1
2024-01-28T07:00:00Z,8.3,84.2,20.6,19,0,1023.9
2024-01-28T08:00:00Z,5.1,77.8,16.7,8,0.5,1020.5
2024-01-28T09:00:00Z,9.2,60.8,5.6,41,0.3,1014.4
2024-01-28T10:00:00Z,11.1,49.1,4.4,281,0,1008.9
2024-01-28T11:00:00Z,10.1,74.3,15.1,340,0,1028.2
2024-01-28T12:00:00Z,10.4,73,10.1,348,0.9,1022.5
2024-01-28T13:00:00Z,13.1,48.8,15.7,67,0.6,1016.4
2024-01-28T14:00:00Z,10.7,75,12.5,143,0.8,1009.5
2024-01-28T15:00:00Z,10,74.9,8.1,47,0.3,1009.9
2024-01-28T16:00:00Z,10.7,68.8,10.9,166,0,1016.2
2024-01-28T17:00:00Z,10.5,63.3,7.7,116,0,1008.6
2024-01-28T18:00:00Z,10.3,75.1,4.4,102,0.1,1005.8
2024-01-28T19:00:00Z,7.3,82.7,10.8,48,0,1026.1
2024-01-28T20:00:00Z,8.9,63.7,15.1,16,0,1006.2
2024-01-28T21:00:00Z,9.2,75.8,18.8,5,0.6,1016
2024-01-28T22:00:00Z,6.4,69,16.1,110,0,1031.6
2024-01-28T23:00:00Z,10.1,81.1,24.2,321,0.1,1014.8
2024-01-29T00:00:00Z,10.3,56.5,12.5,357,1,1010.2
2024-01-29T01:00:00Z,12.1,67.5,9.5,198,0.7,1023.4
2024-01-29T02:00:00Z,3.9,69.2,15.1,42,0.1,1013.8
2024-01-29T03:00:00Z,9.5,72.5,17.3,344,0.4,1034.8
2024-01-29T04:00:00Z,8.5,69.6,8.1,277,0,1019.8
2024-01-29T05:00:00Z,9.3,71.1,9.7,260,0,1003.4
2024-01-29T06:00:00Z,9.1,71,9.9,191,0.4,1009.1
2024-01-29T07:00:00Z,6.4,61,13,228,0,993.3
2024-01-29T08:00:00Z,9.2,85.4,23.1,329,0,1005.5
2024-01-29T09:00:00Z,6.2,82.4,11.8,137,0.7,1044
2024-01-29T10:00:00Z,11.3,72.9,15.9,136,0.3,1013.9
2024-01-29T11:00:00Z,6.4,74,9.9,54,0.2,1002.2
2024-01-29T12:00:00Z,7.1,86.3,9.4,281,0,1007.9
2024-01-29T13:00:00Z,8.2,95,12,75,1.2,1005.2
2024-01-29T14:00:00Z,10.7,69.7,7.3,2,0.2,1019.6
2024-01-29T15:00:00Z,5.8,60.4,9.8,184,0,1019.8
2024-01-29T16:00:00Z,9.6,65.6,20.8,320,0,1006.5
2024-01-29T17:00:00Z,9.9,89.3,10.9,313,0,1005.4
2024-01-29T18:00:00Z,6.5,60.4,12.2,164,0.7,1017.4
2024-01-29T19:00:00Z,7.4,74.2,11.8,324,1.7,1026.4
2024-01-29T20:00:00Z,6,59.1,13.8,165,0.8,1005.9
2024-01-29T21:00:00Z,7.3,61,8.4,41,0.2,1041.6
2024-01-29T22:00:00Z,7.2,60.3,1.3,217,0.4,1017.9
2024-01-29T23:00:00Z,10.3,56.6,18.2,210,0,1010.4
2024-01-30T00:00:00Z,11.7,88.8,13.5,91,0,1003.8
2024-01-30T01:00:00Z,9.9,77.2,10.3,261,1.3,1001.3
2024-01-30T02:00:00Z,8.4,71.2,11.7,255,0,1008
2024-01-30T03:00:00Z,8.1,57.9,19.9,207,0.7,1006.1
2024-01-30T04:00:00Z,4.6,91.8,6.4,72,0,1002.5
2024-01-30T05:00:00Z,7.5,89.1,3.8,148,0.4,1014.7
2024-01-30T06:00:00Z,11.7,74.6,18.2,257,0,1009.3
2024-01-30T07:00:00Z,7.3,89.2,20.5,194,0.6,1006.4
2024-01-30T08:00:00Z,8.7,55.3,9.2,185,0,1011.4
2024-01-30T09:00:00Z,9.3,95,12.6,88,0,1007.8
2024-01-30T10:00:00Z,9.9,69.2,17.7,120,0.9,1010
2024-01-30T11:00:00Z,10.9,73.6,18.1,100,0,1001.1
2024-01-30T12:00:00Z,8.3,75.9,6.2,27,0,1004.1
2024-01-30T13:00:00Z,8.4,69.4,11.1,277,0.7,1014.5
2024-01-30T14:00:00Z,7,67.3,15,314,0.2,1012.7
2024-01-30T15:00:00Z,7.2,72.1,6.1,323,0.6,998.3
2024-01-30T16:00:00Z,8.8,62.6,14.6,236,0,1018.9
2024-01-30T17:00:00Z,8.2,78.6,4.7,360,0.8,1010.1
2024-01-30T18:00:00Z,11.8,60.2,11.3,317,0.5,1002.4
2024-01-30T19:00:00Z,5,62.2,19.1,21,0,994.7
2024-01-30T20:00:00Z,10.5,74.4,9.7,49,0,1018.7
2024-01-30T21:00:00Z,10.4,84.8,11.7,13,1.4,1007
2024-01-30T22:00:00Z,10.9,71.1,9.7,302,1.2,1008.5
2024-01-30T23:00:00Z,8.3,70.9,18.2,9,0.5,993
